{
  "IcoMoonType": "selection",
  "icons": [
    {
      "icon": {
        "paths": [
          "M640 192l-384 384-128-128-128 128 256 256 512-512-128-128z"
        ],
        "width": 768,
        "attrs": [],
        "isMulticolor": false,
        "isMulticolor2": false,
        "tags": [
          "check"
        ],
        "defaultCode": 61498,
        "grid": 16
      },
      "attrs": [],
      "properties": {
        "id": 21,
        "order": 55,
        "prevSize": 32,
        "code": 61498,
        "name": "check"
      },
      "setIdx": 0,
      "setId": 4,
      "iconIdx": 20
    },
    {
      "icon": {
        "paths": [
          "M128 192l-128 128 192 192-192 192 128 128 320-320-320-320z"
        ],
        "width": 448,
        "attrs": [],
        "isMulticolor": false,
        "isMulticolor2": false,
        "tags": [
          "chevron-right"
        ],
        "defaultCode": 61560,
        "grid": 16
      },
      "attrs": [],
      "properties": {
        "id": 25,
        "order": 52,
        "prevSize": 32,
        "code": 61560,
        "name": "chevron-right"
      },
      "setIdx": 0,
      "setId": 4,
      "iconIdx": 24
    },
    {
      "icon": {
        "paths": [
          "M512 384l-192 192h128v320h128v-320h128l-192-192zM832 320c-8.75 0-17.125 1.406-25.625 2.562-48.75-114.374-162.25-194.562-294.375-194.562-132.156 0-245.562 80.188-294.406 194.562-8.438-1.156-16.813-2.562-25.594-2.562-106.062 0-192 86-192 192 0 106.062 85.938 192 192 192 20.531 0 39.875-4.25 58.375-10.438 34.094 37.813 80.937 63.188 133.625 70.938v-65.25c-49.844-10.375-91.594-42.812-112.625-87.75-21.844 17.5-49.156 28.5-79.375 28.5-70.656 0-128-57.375-128-128 0-70.656 57.344-128 128-128 25.281 0 48.625 7.562 68.406 20.156 20.938-120.375 125.188-212.156 251.594-212.156 126.5 0 229.75 92.219 250.5 212.75 20-13 43.875-20.75 69.5-20.75 70.625 0 128 57.344 128 128 0 70.625-57.375 128-128 128-10.25 0-20-1.5-29.625-3.75-28.937 40.875-76.437 67.75-130.375 67.75-11.062 0-21.625-1.625-32-4v64.938c10.438 1.688 21.062 3.062 32 3.062 61.188 0 116.5-24.688 157-64.438 1 0 1.875 0.438 3 0.438 106.062 0 192-85.938 192-192 0-106-85.938-192-192-192z"
        ],
        "attrs": [],
        "isMulticolor": false,
        "isMulticolor2": false,
        "tags": [
          "cloud-upload"
        ],
        "defaultCode": 61452,
        "grid": 16
      },
      "attrs": [],
      "properties": {
        "id": 32,
        "order": 54,
        "prevSize": 32,
        "code": 61452,
        "name": "cloud-upload"
      },
      "setIdx": 0,
      "setId": 4,
      "iconIdx": 31
    },
    {
      "icon": {
        "paths": [
          "M448 256h-128v128h-128v128h128v128h128v-128h128v-128h-128v-128zM192 896h384v-128h-384v128zM640 0h-512v64h480l224 224v608h64v-640l-256-256zM0 128v896h768v-704l-192-192h-576zM704 960h-640v-768h480l160 160v608z"
        ],
        "width": 896,
        "attrs": [],
        "isMulticolor": false,
        "isMulticolor2": false,
        "tags": [
          "diff"
        ],
        "defaultCode": 61517,
        "grid": 16
      },
      "attrs": [],
      "properties": {
        "id": 45,
        "order": 51,
        "prevSize": 32,
        "code": 61517,
        "name": "icon-diff"
      },
      "setIdx": 0,
      "setId": 4,
      "iconIdx": 44
    },
    {
      "icon": {
        "paths": [
          "M512 320h-128v128h-128v128h128v128h128v-128h128v-128h-128v-128zM832 64c-32 0-736 0-768 0s-64 32-64 64 0 736 0 768 32 64 64 64 736 0 768 0 64-32 64-64 0-736 0-768-32-64-64-64zM768 800c0 16-17 32-32 32s-558 0-576 0-32-12-32-32c0-16 0-560 0-576s16-32 32-32 561 0 576 0 32 16 32 32 0 560 0 576z"
        ],
        "width": 896,
        "attrs": [],
        "isMulticolor": false,
        "isMulticolor2": false,
        "tags": [
          "diff-added"
        ],
        "defaultCode": 61547,
        "grid": 16
      },
      "attrs": [],
      "properties": {
        "id": 46,
        "order": 50,
        "prevSize": 32,
        "code": 61547,
        "name": "add"
      },
      "setIdx": 0,
      "setId": 4,
      "iconIdx": 45
    },
    {
      "icon": {
        "paths": [
          "M512 192c-71 0-128 57-128 128 0 47 26 88 64 110v18c0 64-64 128-128 128-53 0-95 11-128 29v-303c38-22 64-63 64-110 0-71-57-128-128-128s-128 57-128 128c0 47 26 88 64 110v419c-38 22-64 63-64 110 0 71 57 128 128 128s128-57 128-128c0-34-13-64-34-87 19-23 49-41 98-41 128 0 256-128 256-256v-18c38-22 64-63 64-110 0-71-57-128-128-128zM128 128c35 0 64 29 64 64s-29 64-64 64-64-29-64-64 29-64 64-64zM128 896c-35 0-64-29-64-64s29-64 64-64 64 29 64 64-29 64-64 64zM512 384c-35 0-64-29-64-64s29-64 64-64 64 29 64 64-29 64-64 64z"
        ],
        "width": 640,
        "attrs": [],
        "isMulticolor": false,
        "isMulticolor2": false,
        "tags": [
          "git-branch"
        ],
        "defaultCode": 61472,
        "grid": 16
      },
      "attrs": [],
      "properties": {
        "id": 69,
        "order": 53,
        "prevSize": 32,
        "code": 61472,
        "name": "git-branch"
      },
      "setIdx": 0,
      "setId": 4,
      "iconIdx": 68
    },
    {
      "icon": {
        "paths": [
          "M196 704l64 320 64-320c-20 2-43 3-64 3s-44-1-64-3zM450 405c-33-17-62-59-62-85v-64c0-22 12-39 23-52 15-13 24-29 24-45 0-53-61-95-175-95s-175 42-175 95c0 16 9 32 24 45 11 13 23 30 23 52v64c0 26-29 68-62 85-38 19-70 54-70 88 0 74 101 148 260 148s260-73 260-148c0-33-31-68-70-88z"
        ],
        "width": 519,
        "attrs": [],
        "isMulticolor": false,
        "isMulticolor2": false,
        "tags": [
          "pin"
        ],
        "defaultCode": 61505,
        "grid": 16
      },
      "attrs": [],
      "properties": {
        "id": 126,
        "order": 56,
        "prevSize": 32,
        "code": 61505,
        "name": "pin"
      },
      "setIdx": 0,
      "setId": 4,
      "iconIdx": 125
    },
    {
      "icon": {
        "paths": [
          "M755.75 575.15c-13.95-9.96-28.52-16.59-43.47-19.92-8.84-1.69-18.060-2.33-27.57-1.81-8.99 0.5-17.56 1.68-25.69 3.52-6.1 1.69-12.22 3.89-18.35 6.59-18.18 8.020-33.89 18.12-46.79 30.33-12.22 12.9-22.32 28.62-30.34 46.79-2.7 6.12-4.9 12.24-6.59 18.34-1.84 8.14-3.030 16.7-3.52 25.69-0.52 9.51 0.12 18.73 1.81 27.57 3.33 14.95 9.96 29.52 19.92 43.47 3.89 5.44 8.080 10.4 12.56 14.88 20.060 20.030 45.83 30.7 75.42 34.11 8.92 1.020 18.12 1.68 26.53 4.48 5.12 1.7 9.16 4.080 12.080 7.020 6.65 6.6 7.63 16.1 2.5 27.24-3.15 6.84-7.7 13.45-12.96 18.84l-2.79 2.86c-3.93 3.92-6.41 6.4-7.050 7.040-3.13 3.16-6.1 6.15-9.060 9.15l-2.96 2.92c-10.52 10.58-21.090 21.12-31.66 31.65-22.76 22.82-45.57 45.58-68.38 68.36-7.5 7.5-15 15-22.5 22.49-3.46 3.45-7.070 6.38-10.78 8.79-1.8 1.22-3.49 2.24-5.18 3.16-19.6 9.89-41.43 5.92-59.24-11.88-5.4-5.4-10.62-10.62-15.85-15.84-30.25-30.25-60.48-60.52-90.77-90.73-8.59-8.57-17.13-17.080-25.68-25.59-6.12-6.090-12.67-11.85-19.56-17.060-5.72-4.33-11.59-7.56-17.46-9.73-21.16-7.32-41.41-2.010-54.67 13.26-3.81 4.8-7 10.47-9.39 16.94-3.43 9.26-4.6 19.47-5.9 29.36-4.9 37.53-25.8 68.43-55.98 82.65-7.48 3.65-15.49 6.29-23.9 7.78-7.95 1.41-15.95 1.71-23.85 1.040-26.61-1.35-49.48-13.090-68.51-32.57-1.68-1.67-2.1-2.090-2.51-2.51-19.48-19.020-31.22-41.9-32.57-68.5-0.68-7.9-0.37-15.9 1.040-23.85 1.49-8.41 4.13-16.43 7.78-23.9 14.22-30.18 45.13-51.070 82.65-55.97 9.89-1.29 20.1-2.47 29.36-5.9 6.94-2.56 12.96-6.050 17.97-10.23 14.54-13.15 19.59-32.63 12.84-52.34-2.78-7.35-6-13.22-10.33-18.94-5.21-6.88-10.97-13.43-17.060-19.55-8.51-8.55-17.030-17.090-25.55-25.63-26.92-26.98-53.84-53.88-80.75-80.78l-10.030-10.030c-5.22-5.22-10.45-10.45-15.26-15.27-18.39-18.4-22.35-40.22-12.46-59.82 0.92-1.69 1.94-3.37 3.080-5.050 2.49-3.84 5.42-7.45 8.87-10.91 7.49-7.5 14.99-15 22.49-22.5 22.77-22.81 45.54-45.62 68.36-68.38 10.53-10.57 21.060-21.14 31.65-31.66l2.92-2.96c2.99-2.97 5.99-5.93 8.98-8.9 0.8-0.81 3.28-3.29 7.2-7.22l2.86-2.79c5.39-5.26 12-9.8 18.84-12.96 11.14-5.13 20.63-4.15 27.24 2.5 2.94 2.92 5.32 6.96 7.020 12.080 2.79 8.41 3.45 17.61 4.48 26.53 3.41 29.59 14.080 55.35 34.11 75.41 4.49 4.48 9.44 8.67 14.88 12.56 13.95 9.96 28.52 16.59 43.47 19.92 8.84 1.69 18.060 2.33 27.57 1.81 8.99-0.5 17.56-1.68 25.69-3.52 6.1-1.69 12.22-3.89 18.35-6.59 18.18-8.020 33.89-18.12 46.79-30.33 12.22-12.9 22.32-28.62 30.34-46.79 2.7-6.12 4.9-12.24 6.59-18.34 1.84-8.14 3.030-16.7 3.52-25.69 0.52-9.51-0.12-18.73-1.81-27.57-3.33-14.95-9.96-29.52-19.92-43.47-3.89-5.44-8.080-10.4-12.56-14.88-20.060-20.030-45.83-30.7-75.42-34.11-8.92-1.020-18.12-1.68-26.53-4.48-5.12-1.7-9.16-4.080-12.080-7.020-6.65-6.6-7.63-16.1-2.5-27.24 3.15-6.84 7.7-13.45 12.96-18.84l2.79-2.86c3.93-3.92 6.41-6.4 7.050-7.040 3.13-3.16 6.1-6.15 9.060-9.15l2.96-2.92c10.52-10.58 21.090-21.12 31.66-31.65 22.76-22.82 45.57-45.58 68.38-68.35 7.5-7.5 15-15 22.5-22.49 3.46-3.45 7.070-6.38 10.78-8.79 1.8-1.22 3.49-2.24 5.18-3.16 19.6-9.89 41.43-5.92 59.24 11.88 5.4 5.4 10.62 10.62 15.85 15.84 30.25 30.25 60.48 60.52 90.77 90.73 8.59 8.57 17.13 17.080 25.68 25.59 6.12 6.090 12.67 11.85 19.56 17.060 5.72 4.33 11.59 7.56 17.46 9.73 21.16 7.32 41.41 2.010 54.67-13.26 3.81-4.8 7-10.47 9.39-16.94 3.43-9.26 4.6-19.47 5.9-29.36 4.9-37.53 25.8-68.43 55.98-82.65 7.48-3.65 15.49-6.28 23.9-7.78 7.95-1.41 15.95-1.71 23.85-1.040 26.61 1.35 49.48 13.090 68.51 32.57 1.68 1.67 2.1 2.090 2.51 2.51 19.48 19.020 31.22 41.9 32.57 68.5 0.68 7.9 0.37 15.9-1.040 23.85-1.49 8.41-4.13 16.43-7.78 23.9-14.22 30.18-45.13 51.070-82.65 55.97-9.89 1.29-20.1 2.47-29.36 5.9-6.94 2.56-12.96 6.050-17.97 10.23-14.54 13.15-19.59 32.63-12.84 52.34 2.78 7.35 6 13.22 10.33 18.94 5.21 6.88 10.97 13.43 17.060 19.55 8.51 8.55 17.030 17.090 25.55 25.63 30.26 30.33 60.54 60.56 90.78 90.81 5.22 5.22 10.45 10.45 15.26 15.27 18.39 18.4 22.35 40.22 12.46 59.82-0.92 1.69-1.94 3.37-3.080 5.050-2.49 3.84-5.42 7.45-8.87 10.91-7.49 7.5-14.99 15-22.49 22.5-22.77 22.81-45.54 45.62-68.36 68.38-10.53 10.57-21.060 21.14-31.65 31.66l-2.92 2.96c-2.99 2.97-5.99 5.93-8.98 8.9-0.8 0.81-3.28 3.29-7.2 7.22l-2.86 2.79c-5.39 5.26-12 9.8-18.84 12.96-11.14 5.13-20.63 4.15-27.24-2.5-2.94-2.92-5.32-6.96-7.020-12.080-2.79-8.41-3.45-17.61-4.48-26.53-3.41-29.59-14.080-55.35-34.11-75.41-4.48-4.49-9.44-8.69-14.88-12.57z"
        ],
        "attrs": [],
        "isMulticolor": false,
        "isMulticolor2": false,
        "tags": [
          "puzzle"
        ],
        "defaultCode": 61632,
        "grid": 16
      },
      "attrs": [],
      "properties": {
        "id": 137,
        "order": 49,
        "prevSize": 32,
        "code": 61632,
        "name": "puzzle"
      },
      "setIdx": 0,
      "setId": 4,
      "iconIdx": 136
    },
    {
      "icon": {
        "paths": [
          "M1024 590.444l-512-397.426-512 397.428v-162.038l512-397.426 512 397.428zM896 576v384h-256v-256h-256v256h-256v-384l384-288z"
        ],
        "tags": [
          "home",
          "house"
        ],
        "defaultCode": 59648,
        "grid": 16,
        "attrs": []
      },
      "attrs": [],
      "properties": {
        "ligatures": "home, house",
        "name": "home",
        "order": 2,
        "id": 1,
        "prevSize": 32,
        "code": 59648
      },
      "setIdx": 3,
      "setId": 1,
      "iconIdx": 0
    },
    {
      "icon": {
        "paths": [
          "M512 32l-512 512 96 96 96-96v416h256v-192h128v192h256v-416l96 96 96-96-512-512zM512 448c-35.346 0-64-28.654-64-64s28.654-64 64-64c35.346 0 64 28.654 64 64s-28.654 64-64 64z"
        ],
        "tags": [
          "home",
          "house"
        ],
        "defaultCode": 59649,
        "grid": 16,
        "attrs": []
      },
      "attrs": [],
      "properties": {
        "ligatures": "home2, house2",
        "name": "home2",
        "order": 59,
        "id": 2,
        "prevSize": 32,
        "code": 59650
      },
      "setIdx": 3,
      "setId": 1,
      "iconIdx": 1
    },
    {
      "icon": {
        "paths": [
          "M1024 608l-192-192v-288h-128v160l-192-192-512 512v32h128v320h320v-192h128v192h320v-320h128z"
        ],
        "tags": [
          "home",
          "house"
        ],
        "defaultCode": 59650,
        "grid": 16,
        "attrs": []
      },
      "attrs": [],
      "properties": {
        "ligatures": "home3, house3",
        "name": "home3",
        "order": 60,
        "id": 3,
        "prevSize": 32,
        "code": 59651
      },
      "setIdx": 3,
      "setId": 1,
      "iconIdx": 2
    },
    {
      "icon": {
        "paths": [
          "M864 0h-768c-52.8 0-96 43.2-96 96v832c0 52.8 43.2 96 96 96h768c52.8 0 96-43.2 96-96v-832c0-52.8-43.2-96-96-96zM832 896h-704v-768h704v768zM256 448h448v64h-448zM256 576h448v64h-448zM256 704h448v64h-448zM256 320h448v64h-448z"
        ],
        "tags": [
          "file-text",
          "file",
          "document",
          "list",
          "paper"
        ],
        "defaultCode": 59682,
        "grid": 16,
        "attrs": []
      },
      "attrs": [],
      "properties": {
        "ligatures": "file-text, file",
        "name": "file-text",
        "order": 22,
        "id": 35,
        "prevSize": 32,
        "code": 59682
      },
      "setIdx": 3,
      "setId": 1,
      "iconIdx": 34
    },
    {
      "icon": {
        "paths": [
          "M864 0h-768c-52.8 0-96 43.2-96 96v832c0 52.8 43.2 96 96 96h768c52.8 0 96-43.2 96-96v-832c0-52.8-43.2-96-96-96zM832 896h-704v-768h704v768zM256 576h448v64h-448zM256 704h448v64h-448zM320 288c0-53.019 42.981-96 96-96s96 42.981 96 96c0 53.019-42.981 96-96 96s-96-42.981-96-96zM480 384h-128c-52.8 0-96 28.8-96 64v64h320v-64c0-35.2-43.2-64-96-64z"
        ],
        "tags": [
          "profile",
          "file",
          "document",
          "page",
          "user",
          "paper"
        ],
        "defaultCode": 59683,
        "grid": 16,
        "attrs": []
      },
      "attrs": [],
      "properties": {
        "ligatures": "profile, file2",
        "name": "profile",
        "order": 21,
        "id": 36,
        "prevSize": 32,
        "code": 59683
      },
      "setIdx": 3,
      "setId": 1,
      "iconIdx": 35
    },
    {
      "icon": {
        "paths": [
          "M917.806 229.076c-22.208-30.292-53.174-65.7-87.178-99.704s-69.412-64.964-99.704-87.178c-51.574-37.82-76.592-42.194-90.924-42.194h-496c-44.112 0-80 35.888-80 80v864c0 44.112 35.884 80 80 80h736c44.112 0 80-35.888 80-80v-624c0-14.332-4.372-39.35-42.194-90.924v0 0zM785.374 174.626c30.7 30.7 54.8 58.398 72.58 81.374h-153.954v-153.946c22.98 17.78 50.678 41.878 81.374 72.572v0 0zM896 944c0 8.672-7.328 16-16 16h-736c-8.672 0-16-7.328-16-16v-864c0-8.672 7.328-16 16-16 0 0 495.956-0.002 496 0v224c0 17.672 14.322 32 32 32h224v624z",
          "M256 64h128v64h-128v-64z",
          "M384 128h128v64h-128v-64z",
          "M256 192h128v64h-128v-64z",
          "M384 256h128v64h-128v-64z",
          "M256 320h128v64h-128v-64z",
          "M384 384h128v64h-128v-64z",
          "M256 448h128v64h-128v-64z",
          "M384 512h128v64h-128v-64z",
          "M256 848c0 26.4 21.6 48 48 48h160c26.4 0 48-21.6 48-48v-160c0-26.4-21.6-48-48-48h-80v-64h-128v272zM448 768v64h-128v-64h128z"
        ],
        "tags": [
          "file-zip",
          "file",
          "document",
          "file-compressed",
          "file-type",
          "file-format"
        ],
        "defaultCode": 59691,
        "grid": 16,
        "attrs": []
      },
      "attrs": [],
      "properties": {
        "ligatures": "file-zip, file9",
        "name": "file-zip",
        "order": 24,
        "id": 44,
        "prevSize": 32,
        "code": 59691
      },
      "setIdx": 3,
      "setId": 1,
      "iconIdx": 43
    },
    {
      "icon": {
        "paths": [
          "M640 256v-256h-448l-192 192v576h384v256h640v-768h-384zM192 90.51v101.49h-101.49l101.49-101.49zM64 704v-448h192v-192h320v192l-192 192v256h-320zM576 346.51v101.49h-101.49l101.49-101.49zM960 960h-512v-448h192v-192h320v640z"
        ],
        "tags": [
          "copy",
          "duplicate",
          "files",
          "pages",
          "papers",
          "documents"
        ],
        "defaultCode": 59692,
        "grid": 16,
        "attrs": []
      },
      "attrs": [],
      "properties": {
        "ligatures": "copy, duplicate",
        "name": "copy",
        "order": 23,
        "id": 45,
        "prevSize": 32,
        "code": 59692
      },
      "setIdx": 3,
      "setId": 1,
      "iconIdx": 44
    },
    {
      "icon": {
        "paths": [
          "M480 64c-265.096 0-480 214.904-480 480s214.904 480 480 480c265.098 0 480-214.902 480-480s-214.902-480-480-480zM480 928c-212.078 0-384-171.922-384-384s171.922-384 384-384c212.076 0 384 171.922 384 384s-171.924 384-384 384z",
          "M608 576c17.674 0 32-14.326 32-32s-14.326-32-32-32h-68.208l94.832-142.25c9.804-14.704 5.83-34.572-8.876-44.376-14.704-9.802-34.572-5.83-44.376 8.876l-101.372 152.062-101.374-152.062c-9.804-14.706-29.672-18.68-44.376-8.876-14.706 9.804-18.678 29.672-8.876 44.376l94.834 142.25h-68.208c-17.672 0-32 14.326-32 32s14.328 32 32 32h96v64h-96c-17.672 0-32 14.326-32 32s14.328 32 32 32h96v96c0 17.674 14.328 32 32 32s32-14.326 32-32v-96h96c17.674 0 32-14.326 32-32s-14.326-32-32-32h-96v-64h96z"
        ],
        "tags": [
          "coin-yen",
          "money",
          "cash",
          "currency-yen"
        ],
        "defaultCode": 59710,
        "grid": 16,
        "attrs": []
      },
      "attrs": [],
      "properties": {
        "ligatures": "coin-yen, money4",
        "name": "coin-yen",
        "order": 28,
        "id": 63,
        "prevSize": 32,
        "code": 59710
      },
      "setIdx": 3,
      "setId": 1,
      "iconIdx": 62
    },
    {
      "icon": {
        "paths": [
          "M384 64h-320c-35.2 0-64 28.8-64 64v320c0 35.2 28.796 64 64 64h320c35.2 0 64-28.8 64-64v-320c0-35.2-28.8-64-64-64zM384 320h-320v-64h320v64zM896 64h-320c-35.204 0-64 28.8-64 64v832c0 35.2 28.796 64 64 64h320c35.2 0 64-28.8 64-64v-832c0-35.2-28.8-64-64-64zM896 640h-320v-64h320v64zM896 448h-320v-64h320v64zM384 576h-320c-35.2 0-64 28.8-64 64v320c0 35.2 28.796 64 64 64h320c35.2 0 64-28.8 64-64v-320c0-35.2-28.8-64-64-64zM384 832h-128v128h-64v-128h-128v-64h128v-128h64v128h128v64z"
        ],
        "tags": [
          "calculator",
          "compute",
          "math",
          "arithmetic",
          "sum"
        ],
        "defaultCode": 59712,
        "grid": 16,
        "attrs": []
      },
      "attrs": [],
      "properties": {
        "ligatures": "calculator, compute",
        "name": "calculator",
        "order": 27,
        "id": 65,
        "prevSize": 32,
        "code": 59712
      },
      "setIdx": 3,
      "setId": 1,
      "iconIdx": 64
    },
    {
      "icon": {
        "paths": [
          "M704 640c-64 64-64 128-128 128s-128-64-192-128-128-128-128-192 64-64 128-128-128-256-192-256-192 192-192 192c0 128 131.5 387.5 256 512s384 256 512 256c0 0 192-128 192-192s-192-256-256-192z"
        ],
        "tags": [
          "phone",
          "telephone",
          "contact",
          "support",
          "call"
        ],
        "defaultCode": 59714,
        "grid": 16,
        "attrs": []
      },
      "attrs": [],
      "properties": {
        "ligatures": "phone, telephone",
        "name": "phone",
        "order": 25,
        "id": 67,
        "prevSize": 32,
        "code": 59714
      },
      "setIdx": 3,
      "setId": 1,
      "iconIdx": 66
    },
    {
      "icon": {
        "paths": [
          "M1017.378 575.994c8.004 55.482 13.216 131.392-11.664 160.446-41.142 48.044-301.712 48.044-301.712-48.042 0-48.398 42.856-80.134 1.712-128.178-40.472-47.262-113.026-48.030-193.714-48.042-80.686 0.012-153.242 0.78-193.714 48.042-41.142 48.046 1.714 79.78 1.714 128.178 0 96.086-260.57 96.086-301.714 48.044-24.878-29.054-19.668-104.964-11.662-160.446 6.16-37.038 21.724-76.996 71.548-127.994 0-0.002 0.002-0.002 0.002-0.004 74.738-69.742 187.846-126.738 429.826-127.968v-0.030c1.344 0 2.664 0.010 4 0.014 1.338-0.004 2.656-0.014 4-0.014v0.028c241.98 1.23 355.088 58.226 429.826 127.968 0.002 0.002 0.002 0.004 0.002 0.004 49.824 50.996 65.39 90.954 71.55 127.994z"
        ],
        "tags": [
          "phone-hang-up",
          "telephone",
          "contact",
          "support",
          "call"
        ],
        "defaultCode": 59715,
        "grid": 16,
        "attrs": []
      },
      "attrs": [],
      "properties": {
        "ligatures": "phone-hang-up, telephone2",
        "name": "phone-hang-up",
        "order": 26,
        "id": 68,
        "prevSize": 32,
        "code": 59715
      },
      "setIdx": 3,
      "setId": 1,
      "iconIdx": 67
    },
    {
      "icon": {
        "paths": [
          "M192 0v1024h768v-1024h-768zM576 256.33c70.51 0 127.67 57.16 127.67 127.67s-57.16 127.67-127.67 127.67-127.67-57.16-127.67-127.67 57.16-127.67 127.67-127.67v0zM768 768h-384v-64c0-70.696 57.306-128 128-128v0h128c70.696 0 128 57.304 128 128v64z",
          "M64 64h96v192h-96v-192z",
          "M64 320h96v192h-96v-192z",
          "M64 576h96v192h-96v-192z",
          "M64 832h96v192h-96v-192z"
        ],
        "tags": [
          "address-book",
          "contact",
          "book",
          "contacts"
        ],
        "defaultCode": 59716,
        "grid": 16,
        "attrs": []
      },
      "attrs": [],
      "properties": {
        "ligatures": "address-book, contact",
        "name": "address-book",
        "order": 32,
        "id": 69,
        "prevSize": 32,
        "code": 59716
      },
      "setIdx": 3,
      "setId": 1,
      "iconIdx": 68
    },
    {
      "icon": {
        "paths": [
          "M928 128h-832c-52.8 0-96 43.2-96 96v640c0 52.8 43.2 96 96 96h832c52.8 0 96-43.2 96-96v-640c0-52.8-43.2-96-96-96zM398.74 550.372l-270.74 210.892v-501.642l270.74 290.75zM176.38 256h671.24l-335.62 252-335.62-252zM409.288 561.698l102.712 110.302 102.71-110.302 210.554 270.302h-626.528l210.552-270.302zM625.26 550.372l270.74-290.75v501.642l-270.74-210.892z"
        ],
        "tags": [
          "envelop",
          "mail",
          "email",
          "contact",
          "letter"
        ],
        "defaultCode": 59717,
        "grid": 16,
        "attrs": []
      },
      "attrs": [],
      "properties": {
        "ligatures": "envelop, mail",
        "name": "envelop",
        "order": 31,
        "id": 70,
        "prevSize": 32,
        "code": 59717
      },
      "setIdx": 3,
      "setId": 1,
      "iconIdx": 69
    },
    {
      "icon": {
        "paths": [
          "M544 0l-96 96 96 96-224 256h-224l176 176-272 360.616v39.384h39.384l360.616-272 176 176v-224l256-224 96 96 96-96-480-480zM448 544l-64-64 224-224 64 64-224 224z"
        ],
        "tags": [
          "pushpin",
          "pin"
        ],
        "defaultCode": 59718,
        "grid": 16,
        "attrs": []
      },
      "attrs": [],
      "properties": {
        "ligatures": "pushpin, pin",
        "name": "pushpin",
        "order": 30,
        "id": 71,
        "prevSize": 32,
        "code": 59718
      },
      "setIdx": 3,
      "setId": 1,
      "iconIdx": 70
    },
    {
      "icon": {
        "paths": [
          "M512 0c-176.732 0-320 143.268-320 320 0 320 320 704 320 704s320-384 320-704c0-176.732-143.27-320-320-320zM512 512c-106.040 0-192-85.96-192-192s85.96-192 192-192 192 85.96 192 192-85.96 192-192 192z"
        ],
        "tags": [
          "location",
          "map-marker",
          "pin"
        ],
        "defaultCode": 59719,
        "grid": 16,
        "attrs": []
      },
      "attrs": [],
      "properties": {
        "ligatures": "location, map-marker",
        "name": "location",
        "order": 29,
        "id": 72,
        "prevSize": 32,
        "code": 59719
      },
      "setIdx": 3,
      "setId": 1,
      "iconIdx": 71
    },
    {
      "icon": {
        "paths": [
          "M896 704v-512c0-35.2-28.8-64-64-64h-640c-35.2 0-64 28.8-64 64v512h-128v192h1024v-192h-128zM640 832h-256v-64h256v64zM832 704h-640v-511.886c0.034-0.040 0.076-0.082 0.114-0.114h639.77c0.040 0.034 0.082 0.076 0.116 0.116v511.884z"
        ],
        "tags": [
          "laptop",
          "computer",
          "pc"
        ],
        "defaultCode": 59735,
        "grid": 16,
        "attrs": []
      },
      "attrs": [],
      "properties": {
        "ligatures": "laptop, computer",
        "name": "laptop",
        "order": 34,
        "id": 88,
        "prevSize": 32,
        "code": 59735
      },
      "setIdx": 3,
      "setId": 1,
      "iconIdx": 87
    },
    {
      "icon": {
        "paths": [
          "M736 0h-448c-52.8 0-96 43.2-96 96v832c0 52.8 43.2 96 96 96h448c52.8 0 96-43.2 96-96v-832c0-52.8-43.2-96-96-96zM384 48h256v32h-256v-32zM512 960c-35.346 0-64-28.654-64-64s28.654-64 64-64 64 28.654 64 64-28.654 64-64 64zM768 768h-512v-640h512v640z"
        ],
        "tags": [
          "mobile",
          "cell-phone",
          "handheld"
        ],
        "defaultCode": 59736,
        "grid": 16,
        "attrs": []
      },
      "attrs": [],
      "properties": {
        "ligatures": "mobile, cell-phone",
        "name": "mobile",
        "order": 33,
        "id": 89,
        "prevSize": 32,
        "code": 59736
      },
      "setIdx": 3,
      "setId": 1,
      "iconIdx": 88
    },
    {
      "icon": {
        "paths": [
          "M512 576l256-256h-192v-256h-128v256h-192zM744.726 471.272l-71.74 71.742 260.080 96.986-421.066 157.018-421.066-157.018 260.080-96.986-71.742-71.742-279.272 104.728v256l512 192 512-192v-256z"
        ],
        "tags": [
          "download",
          "save",
          "store",
          "arrow"
        ],
        "defaultCode": 59744,
        "grid": 16,
        "attrs": []
      },
      "attrs": [],
      "properties": {
        "ligatures": "download, save",
        "name": "download",
        "order": 36,
        "id": 97,
        "prevSize": 32,
        "code": 59744
      },
      "setIdx": 3,
      "setId": 1,
      "iconIdx": 96
    },
    {
      "icon": {
        "paths": [
          "M448 576h128v-256h192l-256-256-256 256h192zM640 432v98.712l293.066 109.288-421.066 157.018-421.066-157.018 293.066-109.288v-98.712l-384 144v256l512 192 512-192v-256z"
        ],
        "tags": [
          "upload",
          "load",
          "arrow"
        ],
        "defaultCode": 59745,
        "grid": 16,
        "attrs": []
      },
      "attrs": [],
      "properties": {
        "ligatures": "upload, load",
        "name": "upload",
        "order": 35,
        "id": 98,
        "prevSize": 32,
        "code": 59745
      },
      "setIdx": 3,
      "setId": 1,
      "iconIdx": 97
    },
    {
      "icon": {
        "paths": [
          "M512 0c-282.77 0-512 71.634-512 160v128c0 88.366 229.23 160 512 160s512-71.634 512-160v-128c0-88.366-229.23-160-512-160z",
          "M512 544c-282.77 0-512-71.634-512-160v192c0 88.366 229.23 160 512 160s512-71.634 512-160v-192c0 88.366-229.23 160-512 160z",
          "M512 832c-282.77 0-512-71.634-512-160v192c0 88.366 229.23 160 512 160s512-71.634 512-160v-192c0 88.366-229.23 160-512 160z"
        ],
        "tags": [
          "database",
          "db",
          "server",
          "host",
          "storage",
          "save",
          "datecenter"
        ],
        "defaultCode": 59748,
        "grid": 16,
        "attrs": []
      },
      "attrs": [],
      "properties": {
        "ligatures": "database, db",
        "name": "database",
        "order": 68,
        "id": 101,
        "prevSize": 32,
        "code": 59748
      },
      "setIdx": 3,
      "setId": 1,
      "iconIdx": 100
    },
    {
      "icon": {
        "width": 1152,
        "paths": [
          "M1088 901.166c0 45.5 26.028 84.908 64 104.184v15.938c-10.626 1.454-21.472 2.224-32.5 2.224-68.008 0-129.348-28.528-172.722-74.264-26.222 6.982-54.002 10.752-82.778 10.752-159.058 0-288-114.616-288-256s128.942-256 288-256c159.058 0 288 114.616 288 256 0 55.348-19.764 106.592-53.356 148.466-6.824 14.824-10.644 31.312-10.644 48.7zM512 0c278.458 0 504.992 180.614 511.836 405.52-49.182-21.92-103.586-33.52-159.836-33.52-95.56 0-185.816 33.446-254.138 94.178-70.846 62.972-109.862 147.434-109.862 237.822 0 44.672 9.544 87.888 27.736 127.788-5.228 0.126-10.468 0.212-15.736 0.212-27.156 0-53.81-1.734-79.824-5.044-109.978 109.978-241.25 129.7-368.176 132.596v-26.916c68.536-33.578 128-94.74 128-164.636 0-9.754-0.758-19.33-2.164-28.696-115.796-76.264-189.836-192.754-189.836-323.304 0-229.75 229.23-416 512-416z"
        ],
        "tags": [
          "bubbles",
          "comments",
          "chat",
          "talk"
        ],
        "defaultCode": 59756,
        "grid": 16,
        "attrs": []
      },
      "attrs": [],
      "properties": {
        "ligatures": "bubbles, comments",
        "name": "bubbles",
        "order": 38,
        "id": 109,
        "prevSize": 32,
        "code": 59756
      },
      "setIdx": 3,
      "setId": 1,
      "iconIdx": 108
    },
    {
      "icon": {
        "width": 1152,
        "paths": [
          "M480 0v0c265.096 0 480 173.914 480 388.448s-214.904 388.448-480 388.448c-25.458 0-50.446-1.62-74.834-4.71-103.106 102.694-222.172 121.108-341.166 123.814v-25.134c64.252-31.354 116-88.466 116-153.734 0-9.106-0.712-18.048-2.030-26.794-108.558-71.214-177.97-179.988-177.97-301.89 0-214.534 214.904-388.448 480-388.448zM996 870.686c0 55.942 36.314 104.898 92 131.772v21.542c-103.126-2.318-197.786-18.102-287.142-106.126-21.14 2.65-42.794 4.040-64.858 4.040-95.47 0-183.408-25.758-253.614-69.040 144.674-0.506 281.26-46.854 384.834-130.672 52.208-42.252 93.394-91.826 122.414-147.348 30.766-58.866 46.366-121.582 46.366-186.406 0-10.448-0.45-20.836-1.258-31.168 72.57 59.934 117.258 141.622 117.258 231.676 0 104.488-60.158 197.722-154.24 258.764-1.142 7.496-1.76 15.16-1.76 22.966z"
        ],
        "tags": [
          "bubbles",
          "comments",
          "chat",
          "talk"
        ],
        "defaultCode": 59757,
        "grid": 16,
        "attrs": []
      },
      "attrs": [],
      "properties": {
        "ligatures": "bubbles2, comments2",
        "name": "bubbles2",
        "order": 39,
        "id": 110,
        "prevSize": 32,
        "code": 59757
      },
      "setIdx": 3,
      "setId": 1,
      "iconIdx": 109
    },
    {
      "icon": {
        "paths": [
          "M576 706.612v-52.78c70.498-39.728 128-138.772 128-237.832 0-159.058 0-288-192-288s-192 128.942-192 288c0 99.060 57.502 198.104 128 237.832v52.78c-217.102 17.748-384 124.42-384 253.388h896c0-128.968-166.898-235.64-384-253.388z"
        ],
        "tags": [
          "user",
          "profile",
          "avatar",
          "person",
          "member"
        ],
        "defaultCode": 59761,
        "grid": 16,
        "attrs": []
      },
      "attrs": [],
      "properties": {
        "ligatures": "user, profile2",
        "name": "user",
        "order": 9,
        "id": 114,
        "prevSize": 32,
        "code": 59761
      },
      "setIdx": 3,
      "setId": 1,
      "iconIdx": 113
    },
    {
      "icon": {
        "width": 1152,
        "paths": [
          "M768 770.612v-52.78c70.498-39.728 128-138.772 128-237.832 0-159.058 0-288-192-288s-192 128.942-192 288c0 99.060 57.502 198.104 128 237.832v52.78c-217.102 17.748-384 124.42-384 253.388h896c0-128.968-166.898-235.64-384-253.388z",
          "M327.196 795.328c55.31-36.15 124.080-63.636 199.788-80.414-15.054-17.784-28.708-37.622-40.492-59.020-30.414-55.234-46.492-116.058-46.492-175.894 0-86.042 0-167.31 30.6-233.762 29.706-64.504 83.128-104.496 159.222-119.488-16.914-76.48-61.94-126.75-181.822-126.75-192 0-192 128.942-192 288 0 99.060 57.502 198.104 128 237.832v52.78c-217.102 17.748-384 124.42-384 253.388h279.006c14.518-12.91 30.596-25.172 48.19-36.672z"
        ],
        "tags": [
          "users",
          "group",
          "team",
          "members",
          "community",
          "collaborate"
        ],
        "defaultCode": 59762,
        "grid": 16,
        "attrs": []
      },
      "attrs": [],
      "properties": {
        "ligatures": "users, group",
        "name": "users",
        "order": 37,
        "id": 115,
        "prevSize": 32,
        "code": 59762
      },
      "setIdx": 3,
      "setId": 1,
      "iconIdx": 114
    },
    {
      "icon": {
        "width": 1024,
        "paths": [
          "M384 736c0-151.234 95.874-280.486 230.032-330.2 16.28-36.538 25.968-77.164 25.968-117.8 0-159.058 0-288-192-288s-192 128.942-192 288c0 99.060 57.502 198.104 128 237.832v52.78c-217.102 17.748-384 124.42-384 253.388h397.306c-8.664-30.53-13.306-62.732-13.306-96z",
          "M736 448c-159.058 0-288 128.942-288 288s128.942 288 288 288c159.056 0 288-128.942 288-288s-128.942-288-288-288zM896 768h-128v128h-64v-128h-128v-64h128v-128h64v128h128v64z"
        ],
        "tags": [
          "user-plus",
          "user",
          "user-add",
          "profile",
          "avatar",
          "person",
          "member"
        ],
        "defaultCode": 59763,
        "grid": 16,
        "attrs": []
      },
      "attrs": [],
      "properties": {
        "ligatures": "user-plus, user2",
        "name": "user-plus",
        "order": 57,
        "id": 116,
        "prevSize": 32,
        "code": 59763
      },
      "setIdx": 3,
      "setId": 1,
      "iconIdx": 115
    },
    {
      "icon": {
        "width": 1024,
        "paths": [
          "M384 736c0-151.234 95.874-280.486 230.032-330.2 16.28-36.538 25.968-77.164 25.968-117.8 0-159.058 0-288-192-288s-192 128.942-192 288c0 99.060 57.502 198.104 128 237.832v52.78c-217.102 17.748-384 124.42-384 253.388h397.306c-8.664-30.53-13.306-62.732-13.306-96z",
          "M736 448c-159.058 0-288 128.942-288 288s128.942 288 288 288c159.056 0 288-128.942 288-288s-128.942-288-288-288zM896 768h-320v-64h320v64z"
        ],
        "tags": [
          "user-minus",
          "user",
          "user-remove",
          "profile",
          "avatar",
          "person",
          "member"
        ],
        "defaultCode": 59764,
        "grid": 16,
        "attrs": []
      },
      "attrs": [],
      "properties": {
        "ligatures": "user-minus, user3",
        "name": "user-minus",
        "order": 58,
        "id": 117,
        "prevSize": 32,
        "code": 59764
      },
      "setIdx": 3,
      "setId": 1,
      "iconIdx": 116
    },
    {
      "icon": {
        "paths": [
          "M384 128c0-70.692 57.308-128 128-128s128 57.308 128 128c0 70.692-57.308 128-128 128s-128-57.308-128-128zM655.53 240.47c0-70.692 57.308-128 128-128s128 57.308 128 128c0 70.692-57.308 128-128 128s-128-57.308-128-128zM832 512c0-35.346 28.654-64 64-64s64 28.654 64 64c0 35.346-28.654 64-64 64s-64-28.654-64-64zM719.53 783.53c0-35.346 28.654-64 64-64s64 28.654 64 64c0 35.346-28.654 64-64 64s-64-28.654-64-64zM448.002 896c0 0 0 0 0 0 0-35.346 28.654-64 64-64s64 28.654 64 64c0 0 0 0 0 0 0 35.346-28.654 64-64 64s-64-28.654-64-64zM176.472 783.53c0 0 0 0 0 0 0-35.346 28.654-64 64-64s64 28.654 64 64c0 0 0 0 0 0 0 35.346-28.654 64-64 64s-64-28.654-64-64zM144.472 240.47c0 0 0 0 0 0 0-53.019 42.981-96 96-96s96 42.981 96 96c0 0 0 0 0 0 0 53.019-42.981 96-96 96s-96-42.981-96-96zM56 512c0-39.765 32.235-72 72-72s72 32.235 72 72c0 39.765-32.235 72-72 72s-72-32.235-72-72z"
        ],
        "tags": [
          "spinner",
          "loading",
          "loading-wheel",
          "busy",
          "wait"
        ],
        "defaultCode": 59770,
        "grid": 16,
        "attrs": []
      },
      "attrs": [],
      "properties": {
        "ligatures": "spinner, loading2",
        "name": "spinner",
        "order": 40,
        "id": 123,
        "prevSize": 32,
        "code": 59770
      },
      "setIdx": 3,
      "setId": 1,
      "iconIdx": 122
    },
    {
      "icon": {
        "paths": [
          "M933.79 610.25c-53.726-93.054-21.416-212.304 72.152-266.488l-100.626-174.292c-28.75 16.854-62.176 26.518-97.846 26.518-107.536 0-194.708-87.746-194.708-195.99h-201.258c0.266 33.41-8.074 67.282-25.958 98.252-53.724 93.056-173.156 124.702-266.862 70.758l-100.624 174.292c28.97 16.472 54.050 40.588 71.886 71.478 53.638 92.908 21.512 211.92-71.708 266.224l100.626 174.292c28.65-16.696 61.916-26.254 97.4-26.254 107.196 0 194.144 87.192 194.7 194.958h201.254c-0.086-33.074 8.272-66.57 25.966-97.218 53.636-92.906 172.776-124.594 266.414-71.012l100.626-174.29c-28.78-16.466-53.692-40.498-71.434-71.228zM512 719.332c-114.508 0-207.336-92.824-207.336-207.334 0-114.508 92.826-207.334 207.336-207.334 114.508 0 207.332 92.826 207.332 207.334-0.002 114.51-92.824 207.334-207.332 207.334z"
        ],
        "tags": [
          "cog",
          "gear",
          "preferences",
          "settings",
          "generate",
          "control",
          "options"
        ],
        "defaultCode": 59796,
        "grid": 16,
        "attrs": []
      },
      "attrs": [],
      "properties": {
        "ligatures": "cog, gear",
        "name": "cog",
        "order": 41,
        "id": 149,
        "prevSize": 32,
        "code": 59796
      },
      "setIdx": 3,
      "setId": 1,
      "iconIdx": 148
    },
    {
      "icon": {
        "paths": [
          "M363.722 722.052l41.298-57.816-45.254-45.256-57.818 41.296c-10.722-5.994-22.204-10.774-34.266-14.192l-11.682-70.084h-64l-11.68 70.086c-12.062 3.418-23.544 8.198-34.266 14.192l-57.818-41.298-45.256 45.256 41.298 57.816c-5.994 10.72-10.774 22.206-14.192 34.266l-70.086 11.682v64l70.086 11.682c3.418 12.060 8.198 23.544 14.192 34.266l-41.298 57.816 45.254 45.256 57.818-41.296c10.722 5.994 22.204 10.774 34.266 14.192l11.682 70.084h64l11.68-70.086c12.062-3.418 23.544-8.198 34.266-14.192l57.818 41.296 45.254-45.256-41.298-57.816c5.994-10.72 10.774-22.206 14.192-34.266l70.088-11.68v-64l-70.086-11.682c-3.418-12.060-8.198-23.544-14.192-34.266zM224 864c-35.348 0-64-28.654-64-64s28.652-64 64-64 64 28.654 64 64-28.652 64-64 64zM1024 384v-64l-67.382-12.25c-1.242-8.046-2.832-15.978-4.724-23.79l57.558-37.1-24.492-59.128-66.944 14.468c-4.214-6.91-8.726-13.62-13.492-20.13l39.006-56.342-45.256-45.254-56.342 39.006c-6.512-4.766-13.22-9.276-20.13-13.494l14.468-66.944-59.128-24.494-37.1 57.558c-7.812-1.892-15.744-3.482-23.79-4.724l-12.252-67.382h-64l-12.252 67.382c-8.046 1.242-15.976 2.832-23.79 4.724l-37.098-57.558-59.128 24.492 14.468 66.944c-6.91 4.216-13.62 8.728-20.13 13.494l-56.342-39.006-45.254 45.254 39.006 56.342c-4.766 6.51-9.278 13.22-13.494 20.13l-66.944-14.468-24.492 59.128 57.558 37.1c-1.892 7.812-3.482 15.742-4.724 23.79l-67.384 12.252v64l67.382 12.25c1.242 8.046 2.832 15.978 4.724 23.79l-57.558 37.1 24.492 59.128 66.944-14.468c4.216 6.91 8.728 13.618 13.494 20.13l-39.006 56.342 45.254 45.256 56.342-39.006c6.51 4.766 13.22 9.276 20.13 13.492l-14.468 66.944 59.128 24.492 37.102-57.558c7.81 1.892 15.742 3.482 23.788 4.724l12.252 67.384h64l12.252-67.382c8.044-1.242 15.976-2.832 23.79-4.724l37.1 57.558 59.128-24.492-14.468-66.944c6.91-4.216 13.62-8.726 20.13-13.492l56.342 39.006 45.256-45.256-39.006-56.342c4.766-6.512 9.276-13.22 13.492-20.13l66.944 14.468 24.492-59.13-57.558-37.1c1.892-7.812 3.482-15.742 4.724-23.79l67.382-12.25zM672 491.2c-76.878 0-139.2-62.322-139.2-139.2s62.32-139.2 139.2-139.2 139.2 62.322 139.2 139.2c0 76.878-62.32 139.2-139.2 139.2z"
        ],
        "tags": [
          "cogs",
          "gears",
          "preferences",
          "settings",
          "generate",
          "control",
          "options"
        ],
        "defaultCode": 59797,
        "grid": 16,
        "attrs": []
      },
      "attrs": [],
      "properties": {
        "ligatures": "cogs, gears",
        "name": "cogs",
        "order": 12,
        "id": 150,
        "prevSize": 32,
        "code": 59797
      },
      "setIdx": 3,
      "setId": 1,
      "iconIdx": 149
    },
    {
      "icon": {
        "paths": [
          "M1009.996 828.976l-301.544-301.544c-18.668-18.668-49.214-18.668-67.882 0l-22.626 22.626-184-184 302.056-302.058h-320l-142.058 142.058-14.060-14.058h-67.882v67.882l14.058 14.058-206.058 206.060 160 160 206.058-206.058 184 184-22.626 22.626c-18.668 18.668-18.668 49.214 0 67.882l301.544 301.544c18.668 18.668 49.214 18.668 67.882 0l113.136-113.136c18.67-18.666 18.67-49.214 0.002-67.882z"
        ],
        "tags": [
          "hammer",
          "tool",
          "fix",
          "make",
          "generate",
          "work",
          "build"
        ],
        "defaultCode": 59798,
        "grid": 16,
        "attrs": []
      },
      "attrs": [],
      "properties": {
        "ligatures": "hammer, tool2",
        "name": "hammer",
        "order": 42,
        "id": 151,
        "prevSize": 32,
        "code": 59798
      },
      "setIdx": 3,
      "setId": 1,
      "iconIdx": 150
    },
    {
      "icon": {
        "paths": [
          "M0 0h128v1024h-128v-1024z",
          "M832 643.002c82.624 0 154.57-19.984 192-49.5v-512c-37.43 29.518-109.376 49.502-192 49.502s-154.57-19.984-192-49.502v512c37.43 29.516 109.376 49.5 192 49.5z",
          "M608 32.528c-46.906-19.94-115.52-32.528-192-32.528-96.396 0-180.334 19.984-224 49.502v512c43.666-29.518 127.604-49.502 224-49.502 76.48 0 145.094 12.588 192 32.528v-512z"
        ],
        "tags": [
          "flag",
          "report",
          "mark"
        ],
        "defaultCode": 59852,
        "grid": 16,
        "attrs": []
      },
      "attrs": [],
      "properties": {
        "ligatures": "flag, report",
        "name": "flag",
        "order": 8,
        "id": 205,
        "prevSize": 32,
        "code": 59852
      },
      "setIdx": 3,
      "setId": 1,
      "iconIdx": 204
    },
    {
      "icon": {
        "paths": [
          "M665.832 327.048l-64.952-64.922-324.81 324.742c-53.814 53.792-53.814 141.048 0 194.844 53.804 53.792 141.060 53.792 194.874 0l389.772-389.708c89.714-89.662 89.714-235.062 0-324.726-89.666-89.704-235.112-89.704-324.782 0l-409.23 409.178c-0.29 0.304-0.612 0.576-0.876 0.846-125.102 125.096-125.102 327.856 0 452.906 125.054 125.056 327.868 125.056 452.988 0 0.274-0.274 0.516-0.568 0.82-0.876l0.032 0.034 279.332-279.292-64.986-64.92-279.33 279.262c-0.296 0.268-0.564 0.57-0.846 0.844-89.074 89.058-233.98 89.058-323.076 0-89.062-89.042-89.062-233.922 0-322.978 0.304-0.304 0.604-0.582 0.888-0.846l-0.046-0.060 409.28-409.166c53.712-53.738 141.144-53.738 194.886 0 53.712 53.734 53.712 141.148 0 194.84l-389.772 389.7c-17.936 17.922-47.054 17.922-64.972 0-17.894-17.886-17.894-47.032 0-64.92l324.806-324.782z"
        ],
        "tags": [
          "attachment",
          "paperclip"
        ],
        "defaultCode": 59853,
        "grid": 16,
        "attrs": []
      },
      "attrs": [],
      "properties": {
        "ligatures": "attachment, paperclip",
        "name": "attachment",
        "order": 7,
        "id": 206,
        "prevSize": 32,
        "code": 59853
      },
      "setIdx": 3,
      "setId": 1,
      "iconIdx": 205
    },
    {
      "icon": {
        "paths": [
          "M1024 128h-128v-128h-128v128h-128v128h128v128h128v-128h128z",
          "M863.862 446.028c18.436 20.478 35.192 42.53 50.022 65.972-38.292 60.522-89.274 111.922-149.436 150.296-75.594 48.218-162.89 73.704-252.448 73.704-89.56 0-176.86-25.486-252.454-73.704-60.156-38.372-111.136-89.772-149.43-150.296 38.292-60.524 89.274-111.924 149.434-150.296 3.918-2.5 7.876-4.922 11.862-7.3-9.962 27.328-15.412 56.822-15.412 87.596 0 141.382 114.616 256 256 256 141.38 0 256-114.618 256-256 0-0.692-0.018-1.38-0.024-2.072-109.284-28.138-190.298-126.63-191.932-244.31-21.026-2.38-42.394-3.618-64.044-3.618-223.318 0-416.882 130.042-512 320 95.118 189.958 288.682 320 512 320 223.31 0 416.876-130.042 512-320-17.64-35.23-38.676-68.394-62.65-99.054-29.28 17.178-62.272 28.71-97.488 33.082zM416 320c53.020 0 96 42.982 96 96 0 53.020-42.98 96-96 96s-96-42.98-96-96 42.98-96 96-96z"
        ],
        "tags": [
          "eye-plus",
          "views",
          "vision",
          "visit"
        ],
        "defaultCode": 59855,
        "grid": 16,
        "attrs": []
      },
      "attrs": [],
      "properties": {
        "ligatures": "eye-plus, views2",
        "name": "eye-plus",
        "order": 45,
        "id": 208,
        "prevSize": 32,
        "code": 59855
      },
      "setIdx": 3,
      "setId": 1,
      "iconIdx": 207
    },
    {
      "icon": {
        "paths": [
          "M640 128h384v128h-384v-128z",
          "M870.32 320h-294.32v-124.388c-21.014-2.376-42.364-3.612-64-3.612-223.318 0-416.882 130.042-512 320 95.118 189.958 288.682 320 512 320 223.31 0 416.876-130.042 512-320-37.396-74.686-90.020-140.1-153.68-192zM416 320c53.020 0 96 42.982 96 96 0 53.020-42.98 96-96 96s-96-42.98-96-96 42.98-96 96-96zM764.448 662.296c-75.594 48.218-162.89 73.704-252.448 73.704-89.56 0-176.86-25.486-252.454-73.704-60.156-38.372-111.136-89.772-149.43-150.296 38.292-60.524 89.274-111.924 149.434-150.296 3.918-2.5 7.876-4.922 11.862-7.3-9.962 27.328-15.412 56.822-15.412 87.596 0 141.382 114.616 256 256 256 141.38 0 256-114.618 256-256 0-30.774-5.454-60.268-15.408-87.598 3.976 2.378 7.938 4.802 11.858 7.302 60.162 38.374 111.142 89.774 149.434 150.296-38.292 60.522-89.274 111.922-149.436 150.296z"
        ],
        "tags": [
          "eye-minus",
          "views",
          "vision",
          "visit"
        ],
        "defaultCode": 59856,
        "grid": 16,
        "attrs": []
      },
      "attrs": [],
      "properties": {
        "ligatures": "eye-minus, views3",
        "name": "eye-minus",
        "order": 46,
        "id": 209,
        "prevSize": 32,
        "code": 59856
      },
      "setIdx": 3,
      "setId": 1,
      "iconIdx": 208
    },
    {
      "icon": {
        "paths": [
          "M256 128v896l320-320 320 320v-896zM768 0h-640v896l64-64v-768h576z"
        ],
        "tags": [
          "bookmarks",
          "ribbons"
        ],
        "defaultCode": 59859,
        "grid": 16,
        "attrs": []
      },
      "attrs": [],
      "properties": {
        "ligatures": "bookmarks, ribbons",
        "name": "bookmarks",
        "order": 6,
        "id": 212,
        "prevSize": 32,
        "code": 59859
      },
      "setIdx": 3,
      "setId": 1,
      "iconIdx": 211
    },
    {
      "icon": {
        "paths": [
          "M512 1024c282.77 0 512-229.23 512-512s-229.23-512-512-512-512 229.23-512 512 229.23 512 512 512zM512 96c229.75 0 416 186.25 416 416s-186.25 416-416 416-416-186.25-416-416 186.25-416 416-416zM512 598.76c115.95 0 226.23-30.806 320-84.92-14.574 178.438-153.128 318.16-320 318.16-166.868 0-305.422-139.872-320-318.304 93.77 54.112 204.050 85.064 320 85.064zM256 352c0-53.019 28.654-96 64-96s64 42.981 64 96c0 53.019-28.654 96-64 96s-64-42.981-64-96zM640 352c0-53.019 28.654-96 64-96s64 42.981 64 96c0 53.019-28.654 96-64 96s-64-42.981-64-96z"
        ],
        "tags": [
          "happy",
          "emoticon",
          "smiley",
          "face"
        ],
        "defaultCode": 59871,
        "grid": 16,
        "attrs": []
      },
      "attrs": [],
      "properties": {
        "ligatures": "happy, emoticon",
        "name": "happy",
        "order": 47,
        "id": 224,
        "prevSize": 32,
        "code": 59871
      },
      "setIdx": 3,
      "setId": 1,
      "iconIdx": 223
    },
    {
      "icon": {
        "paths": [
          "M512 1024c282.77 0 512-229.23 512-512s-229.23-512-512-512-512 229.23-512 512 229.23 512 512 512zM512 96c229.75 0 416 186.25 416 416s-186.25 416-416 416-416-186.25-416-416 186.25-416 416-416zM192 512v64c0 140.8 115.2 256 256 256h128c140.8 0 256-115.2 256-256v-64h-640zM384 756.988c-26.538-9.458-50.924-24.822-71.544-45.446-36.406-36.402-56.456-84.54-56.456-135.542h128v180.988zM576 768h-128v-192h128v192zM711.544 711.542c-20.624 20.624-45.010 35.988-71.544 45.446v-180.988h128c0 51.002-20.048 99.14-56.456 135.542zM225.352 384c0.002 0 0 0 0 0 9.768 0 18.108-7.056 19.724-16.69 6.158-36.684 37.668-63.31 74.924-63.31s68.766 26.626 74.924 63.31c1.616 9.632 9.956 16.69 19.722 16.69 9.768 0 18.108-7.056 19.724-16.688 1.082-6.436 1.628-12.934 1.628-19.312 0-63.962-52.038-116-116-116s-116 52.038-116 116c0 6.378 0.548 12.876 1.628 19.312 1.62 9.632 9.96 16.688 19.726 16.688zM609.352 384c0.002 0 0 0 0 0 9.77 0 18.112-7.056 19.724-16.69 6.158-36.684 37.668-63.31 74.924-63.31s68.766 26.626 74.924 63.31c1.616 9.632 9.958 16.69 19.722 16.69s18.108-7.056 19.722-16.688c1.082-6.436 1.628-12.934 1.628-19.312 0-63.962-52.038-116-116-116s-116 52.038-116 116c0 6.378 0.544 12.876 1.626 19.312 1.624 9.632 9.964 16.688 19.73 16.688z"
        ],
        "tags": [
          "grin",
          "emoticon",
          "smiley",
          "face"
        ],
        "defaultCode": 59881,
        "grid": 16,
        "attrs": []
      },
      "attrs": [],
      "properties": {
        "ligatures": "grin, emoticon11",
        "name": "grin",
        "order": 5,
        "id": 234,
        "prevSize": 32,
        "code": 59881
      },
      "setIdx": 3,
      "setId": 1,
      "iconIdx": 233
    },
    {
      "icon": {
        "paths": [
          "M512 1024c282.77 0 512-229.23 512-512s-229.23-512-512-512-512 229.23-512 512 229.23 512 512 512zM512 96c229.75 0 416 186.25 416 416s-186.25 416-416 416-416-186.25-416-416 186.25-416 416-416zM800 256c17.6 0 32 14.4 32 32v96c0 35.2-28.8 64-64 64h-128c-35.2 0-64-28.8-64-64h-128c0 35.2-28.8 64-64 64h-128c-35.2 0-64-28.8-64-64v-96c0-17.6 14.4-32 32-32h192c17.6 0 32 14.4 32 32v32h128v-32c0-17.6 14.4-32 32-32h192zM512 768c93.208 0 174.772-49.818 219.546-124.278l54.88 32.934c-55.966 93.070-157.916 155.344-274.426 155.344-48.458 0-94.384-10.796-135.54-30.082l33.162-55.278c31.354 13.714 65.964 21.36 102.378 21.36z"
        ],
        "tags": [
          "cool",
          "emoticon",
          "smiley",
          "face"
        ],
        "defaultCode": 59883,
        "grid": 16,
        "attrs": []
      },
      "attrs": [],
      "properties": {
        "ligatures": "cool, emoticon13",
        "name": "cool",
        "order": 4,
        "id": 236,
        "prevSize": 32,
        "code": 59883
      },
      "setIdx": 3,
      "setId": 1,
      "iconIdx": 235
    },
    {
      "icon": {
        "paths": [
          "M512 92.774l429.102 855.226h-858.206l429.104-855.226zM512 0c-22.070 0-44.14 14.882-60.884 44.648l-437.074 871.112c-33.486 59.532-5 108.24 63.304 108.24h869.308c68.3 0 96.792-48.708 63.3-108.24h0.002l-437.074-871.112c-16.742-29.766-38.812-44.648-60.882-44.648v0z",
          "M576 832c0 35.346-28.654 64-64 64s-64-28.654-64-64c0-35.346 28.654-64 64-64s64 28.654 64 64z",
          "M512 704c-35.346 0-64-28.654-64-64v-192c0-35.346 28.654-64 64-64s64 28.654 64 64v192c0 35.346-28.654 64-64 64z"
        ],
        "tags": [
          "warning",
          "sign"
        ],
        "defaultCode": 59911,
        "grid": 16,
        "attrs": []
      },
      "attrs": [],
      "properties": {
        "ligatures": "warning, sign",
        "name": "warning",
        "order": 20,
        "id": 264,
        "prevSize": 32,
        "code": 59911
      },
      "setIdx": 3,
      "setId": 1,
      "iconIdx": 263
    },
    {
      "icon": {
        "paths": [
          "M992 384h-352v-352c0-17.672-14.328-32-32-32h-192c-17.672 0-32 14.328-32 32v352h-352c-17.672 0-32 14.328-32 32v192c0 17.672 14.328 32 32 32h352v352c0 17.672 14.328 32 32 32h192c17.672 0 32-14.328 32-32v-352h352c17.672 0 32-14.328 32-32v-192c0-17.672-14.328-32-32-32z"
        ],
        "tags": [
          "plus",
          "add",
          "sum"
        ],
        "defaultCode": 59914,
        "grid": 16,
        "attrs": []
      },
      "attrs": [],
      "properties": {
        "ligatures": "plus, add",
        "name": "plus",
        "order": 15,
        "id": 267,
        "prevSize": 32,
        "code": 59914
      },
      "setIdx": 3,
      "setId": 1,
      "iconIdx": 266
    },
    {
      "icon": {
        "paths": [
          "M0 416v192c0 17.672 14.328 32 32 32h960c17.672 0 32-14.328 32-32v-192c0-17.672-14.328-32-32-32h-960c-17.672 0-32 14.328-32 32z"
        ],
        "tags": [
          "minus",
          "subtract",
          "minimize",
          "line"
        ],
        "defaultCode": 59915,
        "grid": 16,
        "attrs": []
      },
      "attrs": [],
      "properties": {
        "ligatures": "minus, subtract",
        "name": "minus",
        "order": 16,
        "id": 268,
        "prevSize": 32,
        "code": 59915
      },
      "setIdx": 3,
      "setId": 1,
      "iconIdx": 267
    },
    {
      "icon": {
        "paths": [
          "M448 304c0-26.4 21.6-48 48-48h32c26.4 0 48 21.6 48 48v32c0 26.4-21.6 48-48 48h-32c-26.4 0-48-21.6-48-48v-32z",
          "M640 768h-256v-64h64v-192h-64v-64h192v256h64z",
          "M512 0c-282.77 0-512 229.23-512 512s229.23 512 512 512 512-229.23 512-512-229.23-512-512-512zM512 928c-229.75 0-416-186.25-416-416s186.25-416 416-416 416 186.25 416 416-186.25 416-416 416z"
        ],
        "tags": [
          "info",
          "information"
        ],
        "defaultCode": 59916,
        "grid": 16,
        "attrs": []
      },
      "attrs": [],
      "properties": {
        "ligatures": "info, information",
        "name": "info",
        "order": 17,
        "id": 269,
        "prevSize": 32,
        "code": 59916
      },
      "setIdx": 3,
      "setId": 1,
      "iconIdx": 268
    },
    {
      "icon": {
        "paths": [
          "M512 0c-282.77 0-512 229.23-512 512s229.23 512 512 512 512-229.23 512-512-229.23-512-512-512zM512 928c-229.75 0-416-186.25-416-416s186.25-416 416-416 416 186.25 416 416-186.25 416-416 416z",
          "M672 256l-160 160-160-160-96 96 160 160-160 160 96 96 160-160 160 160 96-96-160-160 160-160z"
        ],
        "tags": [
          "cancel-circle",
          "close",
          "remove",
          "delete"
        ],
        "defaultCode": 59917,
        "grid": 16,
        "attrs": []
      },
      "attrs": [],
      "properties": {
        "ligatures": "cancel-circle, close",
        "name": "cancel-circle",
        "order": 18,
        "id": 270,
        "prevSize": 32,
        "code": 59917
      },
      "setIdx": 3,
      "setId": 1,
      "iconIdx": 269
    },
    {
      "icon": {
        "paths": [
          "M1014.662 822.66c-0.004-0.004-0.008-0.008-0.012-0.010l-310.644-310.65 310.644-310.65c0.004-0.004 0.008-0.006 0.012-0.010 3.344-3.346 5.762-7.254 7.312-11.416 4.246-11.376 1.824-24.682-7.324-33.83l-146.746-146.746c-9.148-9.146-22.45-11.566-33.828-7.32-4.16 1.55-8.070 3.968-11.418 7.31 0 0.004-0.004 0.006-0.008 0.010l-310.648 310.652-310.648-310.65c-0.004-0.004-0.006-0.006-0.010-0.010-3.346-3.342-7.254-5.76-11.414-7.31-11.38-4.248-24.682-1.826-33.83 7.32l-146.748 146.748c-9.148 9.148-11.568 22.452-7.322 33.828 1.552 4.16 3.97 8.072 7.312 11.416 0.004 0.002 0.006 0.006 0.010 0.010l310.65 310.648-310.65 310.652c-0.002 0.004-0.006 0.006-0.008 0.010-3.342 3.346-5.76 7.254-7.314 11.414-4.248 11.376-1.826 24.682 7.322 33.83l146.748 146.746c9.15 9.148 22.452 11.568 33.83 7.322 4.16-1.552 8.070-3.97 11.416-7.312 0.002-0.004 0.006-0.006 0.010-0.010l310.648-310.65 310.648 310.65c0.004 0.002 0.008 0.006 0.012 0.008 3.348 3.344 7.254 5.762 11.414 7.314 11.378 4.246 24.684 1.826 33.828-7.322l146.746-146.748c9.148-9.148 11.57-22.454 7.324-33.83-1.552-4.16-3.97-8.068-7.314-11.414z"
        ],
        "tags": [
          "cross",
          "cancel",
          "close",
          "quit",
          "remove"
        ],
        "defaultCode": 59919,
        "grid": 16,
        "attrs": []
      },
      "attrs": [],
      "properties": {
        "ligatures": "cross, cancel",
        "name": "cross",
        "order": 19,
        "id": 272,
        "prevSize": 32,
        "code": 59919
      },
      "setIdx": 3,
      "setId": 1,
      "iconIdx": 271
    },
    {
      "icon": {
        "paths": [
          "M864 128l-480 480-224-224-160 160 384 384 640-640z"
        ],
        "tags": [
          "checkmark",
          "tick",
          "correct",
          "accept",
          "ok"
        ],
        "defaultCode": 59920,
        "grid": 16,
        "attrs": []
      },
      "attrs": [],
      "properties": {
        "ligatures": "checkmark, tick",
        "name": "checkmark",
        "order": 14,
        "id": 273,
        "prevSize": 32,
        "code": 59920
      },
      "setIdx": 3,
      "setId": 1,
      "iconIdx": 272
    },
    {
      "icon": {
        "paths": [
          "M896 0h-768c-70.4 0-128 57.6-128 128v768c0 70.4 57.6 128 128 128h768c70.4 0 128-57.6 128-128v-768c0-70.4-57.6-128-128-128zM448 794.51l-237.254-237.256 90.51-90.508 146.744 146.744 306.746-306.746 90.508 90.51-397.254 397.256z"
        ],
        "tags": [
          "checkbox-checked",
          "checkbox",
          "tick",
          "checked",
          "selected"
        ],
        "defaultCode": 59986,
        "grid": 16,
        "attrs": []
      },
      "attrs": [],
      "properties": {
        "ligatures": "checkbox-checked, checkbox",
        "name": "checkbox-checked",
        "order": 10,
        "id": 339,
        "prevSize": 32,
        "code": 59986
      },
      "setIdx": 3,
      "setId": 1,
      "iconIdx": 338
    },
    {
      "icon": {
        "paths": [
          "M223.918 160.055l0.083-0.055c-0 0-0 0-0.001 0s0-0 0.001-0c0.126-35.38 28.694-64 63.917-64 0.209-35.38 28.854-64 64.171-64h351.912l192 224v576.295c0 34.963-28.617 63.705-63.918 63.705-0.209 35.38-28.777 64-64 64-0.209 35.38-28.777 64-64 64h-480.165c-35.408 0-63.918-28.759-63.918-64.235v-735.531c0-35.488 28.617-64.235 63.918-64.235l0 0.055zM223.999 192c-17.672 0-31.999 14.568-31.999 31.855v736.291c0 17.593 14.551 31.855 31.999 31.855h480.003c17.672 0 31.999-14.568 31.999-31.855l-448.082-0.145c-35.408 0-63.918-28.759-63.918-64.235v-703.765c-0-0-0-0-0.001-0.001l-0 0.001zM287.999 128c-17.672 0-31.999 14.568-31.999 31.855v736.291c0 17.593 14.551 31.855 31.999 31.855h480.003c17.672 0 31.999-14.568 31.999-31.855v-0.145h-448.082c-35.408 0-63.918-28.759-63.918-64.235v-703.765h-0.001zM672 64h-320.142c-17.595 0-31.858 14.568-31.858 31.855v736.291c0 17.593 14.551 31.855 31.999 31.855h480.003c17.672 0 31.999-14.238 31.999-31.789v-544.211h-128.067c-35.309 0-63.933-28.37-63.933-64.189v-159.811zM704 80v143.719c0 17.828 14.421 32.281 31.896 32.281h118.503l-150.398-176z"
        ],
        "attrs": [],
        "isMulticolor": false,
        "isMulticolor2": false,
        "tags": [
          "documents"
        ],
        "grid": 32
      },
      "attrs": [],
      "properties": {
        "id": 141,
        "order": 48,
        "prevSize": 32,
        "code": 59649,
        "name": "documents"
      },
      "setIdx": 1,
      "setId": 3,
      "iconIdx": 140
    },
    {
      "icon": {
        "paths": [
          "M800 416v-128c0-159.072-128.928-288-288-288s-288 128.928-288 288v128c-53.024 0-96 42.976-96 96v96 32 64 32c0 159.072 128.928 288 288 288h192c159.072 0 288-128.928 288-288v-32-64-32-96c0-53.056-43.008-96-96-96zM288 288c0-123.712 100.288-224 224-224s224 100.288 224 224v128h-64v-127.936c0-88.384-71.616-160-160-160s-160 71.616-160 160v127.936h-64v-128zM640 288v0.096 127.904h-256v-127.936-0.064c0-70.688 57.312-128 128-128s128 57.312 128 128zM832 608v32 64 32c0 123.488-100.512 224-224 224h-192c-123.488 0-224-100.512-224-224v-32-64-32-96c0-17.664 14.336-32 32-32 21.344 0 42.656 0 64 0h448c21.312 0 42.624 0 64 0 17.632 0 32 14.336 32 32v96zM512 608c35.328 0 64 28.64 64 64 0 19.488-10.496 56.576-21.312 85.824-8.736 23.616-17.664 42.112-42.688 42.112-23.008 0-33.952-18.688-42.656-42.432-10.688-29.184-21.344-66.080-21.344-85.504 0-35.36 28.672-64 64-64z"
        ],
        "attrs": [],
        "isMulticolor": false,
        "isMulticolor2": false,
        "tags": [
          "lock",
          "security",
          "private",
          "encryption"
        ],
        "grid": 32
      },
      "attrs": [],
      "properties": {
        "id": 14,
        "order": 64,
        "prevSize": 32,
        "code": 59652,
        "name": "lock"
      },
      "setIdx": 2,
      "setId": 2,
      "iconIdx": 13
    },
    {
      "icon": {
        "paths": [
          "M768 0h-512c-53.056 0-96 42.976-96 96v832c0 53.056 42.976 96 96 96h512c52.992 0 96-43.008 96-96v-832c0-53.056-43.008-96-96-96zM800 928c0 17.632-14.368 32-32 32h-512c-17.664 0-32-14.304-32-32v-64.128h576v64.128zM800 831.872h-576v-639.872h576v639.872zM800 160h-576v-64c0-17.664 14.336-32 32-32h512c17.632 0 32 14.336 32 32v64zM576 112c0 8.832-7.2 16-16 16h-96c-8.864 0-16-7.168-16-16v0c0-8.864 7.136-16 16-16h96c8.8 0 16 7.136 16 16v0zM544 911.872c0 8.8-7.2 16-16 16h-32c-8.832 0-16-7.2-16-16v0c0-8.864 7.168-16 16-16h32c8.8 0 16 7.136 16 16v0z"
        ],
        "attrs": [],
        "isMulticolor": false,
        "isMulticolor2": false,
        "tags": [
          "phone",
          "tablet",
          "mobile"
        ],
        "grid": 32
      },
      "attrs": [],
      "properties": {
        "id": 24,
        "order": 66,
        "prevSize": 32,
        "code": 59653,
        "name": "phone2"
      },
      "setIdx": 2,
      "setId": 2,
      "iconIdx": 23
    },
    {
      "icon": {
        "paths": [
          "M896 160h-768c-70.688 0-128 57.344-128 128v416c0 70.688 57.312 128 128 128h768c70.688 0 128-57.312 128-128v-416c0-70.656-57.312-128-128-128zM64 328l223.968 168-223.968 168v-336zM960 704c0 35.328-28.736 64-64 64h-768c-35.296 0-64-28.672-64-64l250.624-188 139.776 104.864c17.056 12.736 37.312 19.2 57.6 19.2 20.256 0 40.512-6.432 57.568-19.2l139.808-104.864 250.624 188zM960 664l-224-168 224-168v336zM550.368 595.264c-11.168 8.384-24.416 12.8-38.368 12.8s-27.232-4.448-38.4-12.8l-409.6-307.264c0-35.296 28.704-64 64-64h768c35.264 0 64 28.704 64 64l-409.632 307.264z"
        ],
        "attrs": [],
        "isMulticolor": false,
        "isMulticolor2": false,
        "tags": [
          "mail",
          "email",
          "letter",
          "envelope",
          "contact"
        ],
        "grid": 32
      },
      "attrs": [],
      "properties": {
        "id": 26,
        "order": 65,
        "prevSize": 32,
        "code": 59654,
        "name": "mail"
      },
      "setIdx": 2,
      "setId": 2,
      "iconIdx": 25
    },
    {
      "icon": {
        "paths": [
          "M1005.28 338.752l-320-320c-15.872-15.872-38.88-22.24-60.672-16.864-11.488 2.816-21.76 8.736-29.888 16.864-7.264 7.264-12.736 16.256-15.872 26.304-14.496 47.008-39.552 87.872-76.64 124.928-49.536 49.504-114.048 87.008-182.304 126.656-72.448 41.984-147.296 85.504-208.64 146.816-52.128 52.192-87.616 110.24-108.416 177.632-7.008 22.752-0.896 47.36 15.872 64.192l320 320c15.872 15.872 38.88 22.24 60.672 16.864 11.488-2.88 21.76-8.736 29.888-16.864 7.264-7.264 12.736-16.256 15.872-26.368 14.528-47.008 39.584-87.872 76.704-124.928 49.504-49.504 113.984-86.944 182.304-126.56 72.384-42.048 147.264-85.568 208.576-146.88 52.128-52.128 87.616-110.24 108.448-177.632 6.976-22.72 0.832-47.424-15.904-64.16zM384 960c-105.984-105.984-214.016-214.048-320-320 90.944-294.432 485.12-281.568 576-576 105.984 105.952 214.048 214.016 320.064 320-90.976 294.368-485.152 281.568-576.064 576zM625.984 476.8c-10.432-8.736-20.928-14.688-31.488-17.632-10.496-2.944-20.992-4.128-31.616-3.36-10.496 0.8-21.248 3.2-32 7.328-10.752 4.192-21.568 8.736-32.448 14.016-17.184-19.744-34.368-39.264-51.552-57.376 7.744-7.008 15.264-10.56 22.496-10.816 7.264-0.32 14.24 0.448 20.864 2.112 6.752 1.696 12.928 3.136 18.624 4.256 5.76 1.12 10.752-0.128 15.136-3.808 4.64-4 7.2-9.184 7.552-15.424 0.32-6.304-2.048-12.448-7.328-18.432-6.752-7.744-14.88-12.448-24.64-14.176-9.632-1.696-19.488-1.568-29.76 0.672-10.112 2.304-19.744 6.112-28.864 11.488s-16.448 10.88-21.888 16.256c-2.080-1.984-4.16-3.936-6.24-5.888-2.304-2.112-5.184-3.264-8.64-3.2-3.488 0-6.368 1.504-8.736 4.256-2.304 2.688-3.36 5.824-2.944 9.12 0.32 3.424 1.696 6.048 4.064 8.064 2.080 1.76 4.16 3.488 6.24 5.312-8.192 9.888-14.944 20.8-20.256 32.32-5.376 11.552-8.576 23.008-9.76 34.112-1.248 11.2-0.064 21.44 3.36 30.944 3.424 9.568 9.76 17.696 19.008 25.376 15.072 12.512 32.8 17.824 53.376 16.64 20.512-1.248 42.624-7.36 66.4-20.128 18.88 21.824 37.824 43.488 56.736 63.616-8 6.752-15.008 10.624-21.184 11.872-6.176 1.312-11.68 1.184-16.672-0.32-4.992-1.568-9.632-3.808-13.888-6.688-4.256-2.944-8.448-5.44-12.64-7.488-4.128-2.048-8.384-3.2-12.736-3.264s-8.992 2.048-14.112 6.432c-5.248 4.576-7.872 9.888-7.872 15.872 0 5.952 2.752 12 8.128 18.112 5.44 6.112 12.512 11.264 21.056 15.328s18.208 6.624 28.832 7.328c10.624 0.736 21.824-0.864 33.632-5.248 11.872-4.32 23.616-12.128 35.2-23.744 5.568 5.44 11.2 10.624 16.8 15.616 2.368 2.048 5.248 3.072 8.736 2.816 3.36-0.128 6.304-1.696 8.64-4.512 2.368-2.88 3.36-6.048 3.008-9.376-0.32-3.36-1.696-5.952-4-7.808-5.632-4.512-11.264-9.248-16.864-14.24 9.568-11.744 17.248-24.128 22.944-36.384 5.696-12.32 9.056-24.192 10.176-35.2 1.12-11.072-0.192-21.056-3.808-30.112-3.584-9.184-9.952-17.056-19.072-24.64zM447.072 498.496c-9.056 0.384-16.96-2.624-23.872-9.312-2.944-2.816-4.992-6.24-6.24-10.304-1.312-4.064-1.76-8.512-1.248-13.376 0.448-4.8 1.888-9.824 4.384-14.88 2.368-5.056 5.888-10.112 10.368-15.008 16.224 16.128 32.416 33.824 48.64 52.128-12.288 6.752-22.976 10.368-32.032 10.752zM598.016 562.56c-2.88 5.312-6.176 10.048-10.048 14.176-17.952-18.112-35.872-38.016-53.76-58.432 4.576-2.048 9.376-4.192 14.56-6.368s10.368-3.616 15.552-4.512c5.312-0.8 10.56-0.576 15.808 0.672 5.184 1.312 10.112 4.128 14.688 8.576 4.512 4.512 7.36 9.184 8.512 14.24 1.248 5.12 1.312 10.304 0.448 15.616-0.928 5.344-2.816 10.656-5.76 16.032zM470.944 709.76c6.304-5.088 15.584-4.832 21.376 1.056 6.272 6.24 6.272 16.448 0 22.688-0.512 0.512-1.056 0.864-1.632 1.312l0.064 0.064c-20.256 15.392-36.896 29.248-54.848 47.2-16.224 16.192-30.88 33.248-43.552 50.56l-20.448 28c-0.64 1.152-1.408 2.208-2.368 3.2-6.272 6.24-16.48 6.24-22.72 0-5.44-5.44-6.112-13.824-2.112-20.064l-0.064-0.064 21.888-29.888c13.664-18.688 29.376-36.992 46.752-54.368 18.080-18.144 37.6-34.336 57.6-49.696h0.064zM588.096 246.88c16.192-16.192 30.816-33.184 43.52-50.592l21.248-29.12c0.768-1.376 1.632-2.752 2.816-3.936 6.304-6.304 16.512-6.304 22.816 0 5.984 6.016 6.24 15.52 0.8 21.888l0.064 0.064-21.888 30.016c-13.696 18.688-29.376 36.928-46.752 54.304-18.080 18.080-37.568 34.336-57.568 49.696l-0.128-0.064c-6.368 5.856-16.256 5.728-22.368-0.448-6.304-6.304-6.304-16.576 0-22.88 1.12-1.184 2.432-2.016 3.744-2.752 18.816-14.368 36.96-29.44 53.696-46.176z"
        ],
        "attrs": [],
        "isMulticolor": false,
        "isMulticolor2": false,
        "tags": [
          "banknote",
          "check",
          "bill",
          "money",
          "cash"
        ],
        "grid": 32
      },
      "attrs": [],
      "properties": {
        "id": 33,
        "order": 61,
        "prevSize": 32,
        "code": 59655,
        "name": "banknote"
      },
      "setIdx": 2,
      "setId": 2,
      "iconIdx": 32
    },
    {
      "icon": {
        "paths": [
          "M512 0c-215.808 0-448 65.056-448 208v608c0 142.88 232.192 208 448 208 215.776 0 448-65.12 448-208v-608c0-142.944-232.256-208-448-208zM896 816c0 79.488-171.936 144-384 144-212.096 0-384-64.512-384-144v-119.552c66.112 68.128 225.6 103.552 384 103.552s317.888-35.424 384-103.552v119.552zM896 624h-0.128c0 0.32 0.128 0.672 0.128 0.992 0 79.008-171.936 143.008-384 143.008-212.064 0-384-64-384-143.008 0-0.32 0.128-0.672 0.128-0.992h-0.128v-119.552c66.112 68.128 225.6 103.552 384 103.552s317.888-35.424 384-103.552v119.552zM896 432h-0.128c0 0.32 0.128 0.672 0.128 0.992 0 79.008-171.936 143.008-384 143.008-212.064 0-384-64-384-143.008 0-0.32 0.128-0.672 0.128-0.992h-0.128v-109.952c83.872 63.904 237.6 93.952 384 93.952s300.128-30.048 384-93.952v109.952zM512 352c-212.096 0-384-64.512-384-144 0-79.552 171.904-144 384-144 212.064 0 384 64.448 384 144 0 79.488-171.936 144-384 144zM768 832c0-17.673 14.327-32 32-32s32 14.327 32 32c0 17.673-14.327 32-32 32-17.673 0-32-14.327-32-32zM768 640c0-17.673 14.327-32 32-32s32 14.327 32 32c0 17.673-14.327 32-32 32-17.673 0-32-14.327-32-32zM768 448c0-17.673 14.327-32 32-32s32 14.327 32 32c0 17.673-14.327 32-32 32-17.673 0-32-14.327-32-32z"
        ],
        "attrs": [],
        "isMulticolor": false,
        "isMulticolor2": false,
        "tags": [
          "data",
          "database",
          "storage"
        ],
        "grid": 32
      },
      "attrs": [],
      "properties": {
        "id": 34,
        "order": 62,
        "prevSize": 32,
        "code": 59656,
        "name": "data"
      },
      "setIdx": 2,
      "setId": 2,
      "iconIdx": 33
    },
    {
      "icon": {
        "paths": [
          "M1024 256c0-44.992-30.624-83.456-74.432-93.568l-416.416-96.096c-6.976-1.568-14.080-2.336-21.152-2.336s-14.176 0.768-21.6 2.432l-415.968 96c-43.84 10.112-74.432 48.576-74.432 93.568s30.624 83.456 74.4 93.568l85.6 19.744v270.688c0 84.928 97.216 160 352 160s352-75.072 352-160v-270.688l85.568-19.744c43.808-10.112 74.432-48.576 74.432-93.568zM800 640c0 35.36-96 96-288 96s-288-60.64-288-96v-255.904l266.816 61.568c6.976 1.568 14.112 2.336 21.184 2.336s14.208-0.768 21.568-2.432l266.432-61.472v255.904zM519.2 383.2c-2.4 0.512-4.8 0.8-7.2 0.8s-4.832-0.288-7.2-0.8l-416-96c-14.528-3.36-24.8-16.288-24.8-31.2s10.272-27.84 24.8-31.2l416-96c2.368-0.512 4.768-0.8 7.2-0.8s4.832 0.288 7.2 0.8l416 96c14.496 3.36 24.8 16.288 24.8 31.2s-10.304 27.84-24.8 31.2l-416 96zM928 416c0-17.696 14.304-32 32-32 17.664 0 32 14.304 32 32v288c0 17.696-14.336 32-32 32-17.696 0-32-14.304-32-32v-288zM960 768c35.328 0 64 92.672 64 128s-28.672 64-64 64c-35.36 0-64-28.672-64-64 0-35.328 28.64-128 64-128z"
        ],
        "attrs": [],
        "isMulticolor": false,
        "isMulticolor2": false,
        "tags": [
          "study",
          "graduation",
          "hat",
          "college"
        ],
        "grid": 32
      },
      "attrs": [],
      "properties": {
        "id": 37,
        "order": 63,
        "prevSize": 32,
        "code": 59657,
        "name": "study"
      },
      "setIdx": 2,
      "setId": 2,
      "iconIdx": 36
    }
  ],
  "height": 1024,
  "metadata": {
    "name": "icomoon"
  },
  "preferences": {
    "showGlyphs": true,
    "showQuickUse": true,
    "showQuickUse2": true,
    "showSVGs": true,
    "fontPref": {
      "prefix": "icon-",
      "metadata": {
        "fontFamily": "icomoon"
      },
      "metrics": {
        "emSize": 1024,
        "baseline": 6.25,
        "whitespace": 50
      },
      "embed": false
    },
    "imagePref": {
      "prefix": "icon-",
      "png": true,
      "useClassSelector": true,
      "color": 0,
      "bgColor": 16777215,
      "classSelector": ".icon"
    },
    "historySize": 50,
    "showCodes": true,
    "gridSize": 16
  }
}